{"cameraMode":{"drawMode":0,"name":"Shaded","section":"Shading Mode"},"sceneLighting":true,"audioPlay":false,"sceneViewState":{"m_AlwaysRefresh":false,"showFog":true,"showSkybox":true,"showFlares":true,"showImageEffects":true,"showParticleSystems":true,"showVisualEffectGraphs":true,"m_FxEnabled":true},"in2DMode":false,"pivot":{"x":11.799625396728516,"y":1.8282023668289185,"z":-3.642493724822998},"rotation":{"x":0.07995522022247315,"y":-0.15278877317905427,"z":0.012403052300214768,"w":0.984941303730011},"size":3.204399824142456,"orthographic":true}