{"cameraMode":{"drawMode":0,"name":"Shaded","section":"Shading Mode"},"sceneLighting":true,"audioPlay":false,"sceneViewState":{"m_AlwaysRefresh":false,"showFog":true,"showSkybox":true,"showFlares":true,"showImageEffects":true,"showParticleSystems":true,"showVisualEffectGraphs":true,"m_FxEnabled":true},"in2DMode":false,"pivot":{"x":-0.012536048889160157,"y":0.5680036544799805,"z":0.3510281443595886},"rotation":{"x":0.08463335782289505,"y":0.7333510518074036,"z":-0.09289444983005524,"w":0.6681352853775024},"size":0.42346495389938357,"orthographic":true}