{"cameraMode":{"drawMode":0,"name":"Shaded","section":"Shading Mode"},"sceneLighting":true,"audioPlay":false,"sceneViewState":{"m_AlwaysRefresh":false,"showFog":true,"showSkybox":true,"showFlares":true,"showImageEffects":true,"showParticleSystems":true,"showVisualEffectGraphs":true,"m_FxEnabled":true},"in2DMode":false,"pivot":{"x":-0.41549989581108096,"y":0.4918339252471924,"z":-24.753883361816408},"rotation":{"x":0.018062127754092218,"y":0.9819145798683167,"z":-0.1297694593667984,"w":0.13666750490665437},"size":0.8660253882408142,"orthographic":true}