{"cameraMode":{"drawMode":0,"name":"Shaded","section":"Shading Mode"},"sceneLighting":true,"audioPlay":false,"sceneViewState":{"m_AlwaysRefresh":false,"showFog":true,"showSkybox":true,"showFlares":true,"showImageEffects":true,"showParticleSystems":true,"showVisualEffectGraphs":true,"m_FxEnabled":true},"in2DMode":false,"pivot":{"x":-1.0099999904632569,"y":1.3350000381469727,"z":-3.4600000381469728},"rotation":{"x":0.3024183511734009,"y":0.32551851868629458,"z":-0.11073422431945801,"w":0.8890001773834229},"size":3.4510786533355715,"orthographic":false}