{"cameraMode":{"drawMode":0,"name":"Shaded","section":"Shading Mode"},"sceneLighting":true,"audioPlay":false,"sceneViewState":{"m_AlwaysRefresh":false,"showFog":true,"showSkybox":true,"showFlares":true,"showImageEffects":true,"showParticleSystems":true,"showVisualEffectGraphs":true,"m_FxEnabled":true},"in2DMode":false,"pivot":{"x":0.7943269610404968,"y":-4.671231269836426,"z":-5.8170976638793949},"rotation":{"x":-0.023632042109966279,"y":-0.9327642917633057,"z":0.35429319739341738,"w":-0.062215983867645267},"size":4.439298629760742,"orthographic":false}