{"cameraMode":{"drawMode":0,"name":"Shaded","section":"Shading Mode"},"sceneLighting":true,"audioPlay":false,"sceneViewState":{"m_AlwaysRefresh":false,"showFog":true,"showSkybox":true,"showFlares":true,"showImageEffects":true,"showParticleSystems":true,"showVisualEffectGraphs":true,"m_FxEnabled":true},"in2DMode":false,"pivot":{"x":-0.07318595796823502,"y":0.850327730178833,"z":0.6217504143714905},"rotation":{"x":0.16700886189937592,"y":0.8308926224708557,"z":-0.34154248237609866,"w":0.4062933027744293},"size":0.07970955222845078,"orthographic":true}